{"cameraMode":{"drawMode":0,"name":"Shaded","section":"Shading Mode"},"sceneLighting":false,"audioPlay":false,"sceneViewState":{"showFog":false,"showMaterialUpdate":false,"showSkybox":false,"showFlares":false,"showImageEffects":false,"showParticleSystems":false},"in2DMode":false,"pivot":{"x":-0.0047893524169921879,"y":18.697246551513673,"z":2.2414140701293947},"rotation":{"x":0.2535187005996704,"y":0.3881109058856964,"z":-0.11194823682308197,"w":0.8789645433425903},"size":106.24244689941406,"orthographic":false}