{"cameraMode":{"drawMode":0,"name":"Shaded","section":"Shading Mode"},"sceneLighting":false,"audioPlay":false,"sceneViewState":{"showFog":false,"showMaterialUpdate":false,"showSkybox":false,"showFlares":false,"showImageEffects":false,"showParticleSystems":false},"in2DMode":false,"pivot":{"x":275.3918151855469,"y":-105.9008560180664,"z":40.015655517578128},"rotation":{"x":0.16760332882404328,"y":0.48796409368515017,"z":-0.0960598886013031,"w":0.851243793964386},"size":300.7169189453125,"orthographic":true}