{"cameraMode":{"drawMode":0,"name":"Shaded","section":"Shading Mode"},"sceneLighting":false,"audioPlay":false,"sceneViewState":{"showFog":false,"showMaterialUpdate":false,"showSkybox":false,"showFlares":false,"showImageEffects":false,"showParticleSystems":false},"in2DMode":false,"pivot":{"x":56.91928482055664,"y":-66.19999694824219,"z":-76.374755859375},"rotation":{"x":0.13834911584854127,"y":0.6930557489395142,"z":-0.1381911337375641,"w":0.6938709020614624},"size":31.482913970947267,"orthographic":false}