{"cameraMode":{"drawMode":0,"name":"Shaded","section":"Shading Mode"},"sceneLighting":false,"audioPlay":false,"sceneViewState":{"showFog":false,"showMaterialUpdate":false,"showSkybox":false,"showFlares":false,"showImageEffects":false,"showParticleSystems":false},"in2DMode":false,"pivot":{"x":-0.004788398742675781,"y":18.702322006225587,"z":2.2452268600463869},"rotation":{"x":0.14205273985862733,"y":0.8226028084754944,"z":-0.23459596931934358,"w":0.4981233775615692},"size":46.406158447265628,"orthographic":false}