{"cameraMode":{"drawMode":0,"name":"Shaded","section":"Shading Mode"},"sceneLighting":false,"audioPlay":false,"sceneViewState":{"showFog":false,"showMaterialUpdate":false,"showSkybox":false,"showFlares":false,"showImageEffects":false,"showParticleSystems":false},"in2DMode":false,"pivot":{"x":1.350000023841858,"y":-0.20000000298023225,"z":0.05999999865889549},"rotation":{"x":0.09142082929611206,"y":0.6366053223609924,"z":-0.07636073976755142,"w":0.7619600892066956},"size":22.0,"orthographic":true}