{"cameraMode":{"drawMode":0,"name":"Shaded","section":"Shading Mode"},"sceneLighting":false,"audioPlay":false,"sceneViewState":{"showFog":false,"showMaterialUpdate":false,"showSkybox":false,"showFlares":false,"showImageEffects":false,"showParticleSystems":false},"in2DMode":false,"pivot":{"x":-5.18881368637085,"y":26.985153198242189,"z":69.48521423339844},"rotation":{"x":0.24416932463645936,"y":0.042167872190475467,"z":-0.010627352632582188,"w":0.9687732458114624},"size":2.8578836917877199,"orthographic":true}