{"cameraMode":{"drawMode":0,"name":"Shaded","section":"Shading Mode"},"sceneLighting":false,"audioPlay":false,"sceneViewState":{"showFog":false,"showMaterialUpdate":false,"showSkybox":false,"showFlares":false,"showImageEffects":false,"showParticleSystems":false},"in2DMode":false,"pivot":{"x":25.71588706970215,"y":22.491535186767579,"z":170.36630249023438},"rotation":{"x":0.17000988125801087,"y":0.2440444678068161,"z":-0.04349766671657562,"w":0.9537664651870728},"size":163.21307373046876,"orthographic":true}