{"cameraMode":{"drawMode":0,"name":"Shaded","section":"Shading Mode"},"sceneLighting":false,"audioPlay":false,"sceneViewState":{"showFog":false,"showMaterialUpdate":false,"showSkybox":false,"showFlares":false,"showImageEffects":false,"showParticleSystems":false},"in2DMode":false,"pivot":{"x":-0.19705843925476075,"y":0.5170553922653198,"z":-5.960464477539063e-8},"rotation":{"x":0.2535187005996704,"y":0.3881109058856964,"z":-0.11194823682308197,"w":0.8789645433425903},"size":3.24137806892395,"orthographic":false}